ID,Name,Latitude,Longitude,ERHRegionID,WAPRegionID,FuelRefer,FuelCityID,Oil1Price,Oil2Price,PropanePrice,BirchPrice,SprucePrice,CoalPrice,SteamPrice,HotWaterPrice,MunicipalSalesTax,BoroughSalesTax,TMYid,TMYname,ElecUtilities,GasPrice
1,Anchorage,61.1519584655762,-149.864105224609,2,2,False,,3.0699999332428,,4.5,325.0,345.0,175.0,,,,,702730,"ANCHORAGE INTL AP, AK","[('Anchorage ML&P - Residential', 2), ('Anchorage ML&P - Commercial - Sm', 293), ('Anchorage ML&P - Commercial - Lg', 480), ('Chugach Electric- Residential', 1), ('Chugach Electric - Commercial - Sm', 361), ('Chugach Electric - Commercial - Lg', 548)]",0.978519976139068
2,Adak,51.8488960266113,-176.63542175293,2,3,False,,4.42000007629395,4.69000005722046,,,,,,,0.0399999991059303,,704540,"ADAK NAS, AK","[('Adak -TDX Residential', 677), ('Adak - TDX Commercial', 678)]",
3,Akutan,54.1349449157715,-165.772445678711,2,3,False,,2.45000004768372,2.45000004768372,,,,,,,,,704890,"DUTCH HARBOR, AK","[('Akutan, City of - Residential', 9), ('Akutan, City of - Commercial - Sm', 288), ('Akutan, City of - Commercial - Lg', 475)]",
4,Allakaket,66.5613861083984,-152.649444580078,4,4,False,,7.0,,11.4399995803833,,,,,,,,701740,"BETTLES FIELD, AK","[('Allakaket - APT - Residential', 249), ('Allakaket - APT - Commercial - Sm', 291), ('Allakaket - APT- Commercial - Lg', 478)]",
5,Angoon,57.4966468811035,-134.578903198242,1,1,False,,3.82999992370605,3.82999992370605,,,,,,,0.0299999993294477,,703710,"SITKA JAPONSKI AP, AK","[('Inside Passage Electric Coop - Residential', 283), ('Inside Passage Electric Coop  - Commercial - Sm', 393), ('Inside Passage Electric Coop - Commercial - Lg', 580)]",
6,Aniak,61.5779037475586,-159.546752929688,4,6,False,,5.94999980926514,,,,,,,,0.0199999995529652,,702320,"ANIAK AIRPORT, AK","[('Aniak Light & Power - Residential', 17), ('Aniak Light & Power - Commercial - Sm', 295), ('Aniak Light & Power - Commercial - Lg', 482)]",
8,Arctic Village,68.1228713989258,-145.536972045898,6,5,False,,11.0,,15.25,,,,,,,,701940,"FORT YUKON, AK","[('Arctic Village Elec - Residential', 18), ('Arctic Village Elec - Commercial - Sm', 296), ('Arctic Village Elec - Commercial - Lg', 483)]",
9,Atka,52.2155876159668,-174.205169677734,2,3,False,,6.84999990463257,,,,,,,,,,704540,"ADAK NAS, AK","[('Andreanof Electric Corp - Residential', 16), ('Andreanof Electric - Commercial - Sm', 294), ('Andreanof Electric Corp - Commercial - Lg', 481)]",
11,Auke Bay,58.3830032348633,-134.66145324707,1,1,False,292.0,2.96000003814697,2.91000008583069,3.15000009536743,,,,,,,0.0500000007450581,703810,"JUNEAU INT'L ARPT, AK","[('AEL&P - Residential', 11), ('AEL&P - Residential Demand', 659), ('AEL&P - Residential Heat Pump', 663), ('AEL&P - Sm Commercial', 289), ('AEL&P - Lg Commercial', 476), ('AEL&P -  Sm Commercial Demand', 660)]",
12,Barrow/Utqiavik,71.29736328125,-156.751846313477,6,5,False,,,,12.710000038147,,,,,,,,700260,"BARROW W POST-W ROGERS ARPT [NSA - ARM], AK","[('Barrow Utilities & Electric-elec - Residential', 20), ('Barrow Utilities - elec - Commercial - Lg', 347), ('Barrow Utilities & Electric-elec - Commercial - Lg', 534)]",0.329299986362457
13,Bethel,60.7944679260254,-161.803955078125,4,4,False,,3.9300000667572,,9.47999954223633,300.0,350.0,,,,0.0599999986588955,,702190,"BETHEL AIRPORT, AK","[('Bethel Utilities Corportion - Residential', 23), ('Bethel - Commercial - Sm', 350), ('Bethel  - Commercial - Lg', 537)]",
14,Bettles,66.9148254394531,-151.518264770508,4,4,False,,4.0,,8.47000026702881,,,,,,,,701740,"BETTLES FIELD, AK","[('Bettles- APT - Residential', 250), ('Bettles- APT - Commercial - Sm', 351), ('Bettles- APT - Commercial - Lg', 538)]",
15,Delta Junction,64.055534362793,-145.728576660156,4,4,False,,2.99000000953674,,3.75,,,,,,,,702670,"BIG DELTA ALLEN AAF, AK","[('Golden Valley Electric - Residential', 3), ('Golden Valley Electric - Com- Sm GS1', 380), ('Golden Valley Electric - Com- Lg GS2S', 567), ('Golden Valley Electric GS-2(P)', 683), ('Golden Valley Electric - GS-3', 684)]",
16,Big Lake,61.5449600219727,-149.855163574219,2,2,False,,2.75,,4.03999996185303,,,,,,,,702746,"BIRCHWOOD, AK","[('Matanuska Electric Assn. - Residential', 77), ('Matanuska Electric Assn. - Commercial - Sm', 414), ('Matanuska Electric Assn. - Commercial - Lg', 601)]",0.978519976139068
19,Cantwell,63.3987884521484,-148.886169433594,4,4,False,,3.25,,3.59999990463257,,,,,,,,702647,"HEALY RIVER AIRPORT, AK","[('Golden Valley Electric - Residential', 3), ('Golden Valley Electric - Com- Sm GS1', 380), ('Golden Valley Electric - Com- Lg GS2S', 567), ('Golden Valley Electric GS-2(P)', 683), ('Golden Valley Electric - GS-3', 684)]",
21,Central,65.5112228393555,-144.690017700195,4,4,False,,3.46000003814697,,,,,,,,,,701940,"FORT YUKON, AK","[('Central Electric- Residential', 33), ('Central Electric - Commercial - Sm', 354), ('Central Electric - Commercial - Lg', 541)]",
22,Chalkyitsik,66.6516723632813,-143.727478027344,4,4,False,161.0,8.0,,8.47000026702881,,,,,,,,701940,"FORT YUKON, AK","[('Chalkyitsik Village Energy - Residential', 277), ('Chalkyitsik Village Energy - Commercial - Sm', 355), ('Chalkyitsik Village Energy - Commercial - Lg', 542)]",
26,Chickaloon,61.7831077575684,-148.535186767578,2,2,False,,2.75,,4.03999996185303,,,,,,,,702740,"PALMER MUNICIPAL, AK","[('Matanuska Electric Assn. - Residential', 77), ('Matanuska Electric Assn. - Commercial - Sm', 414), ('Matanuska Electric Assn. - Commercial - Lg', 601)]",
27,Chicken,64.0681686401367,-141.911483764648,4,4,False,,3.45000004768372,,3.5,,,,,,,,702910,"NORTHWAY AIRPORT, AK","[('Self Generation', 131)]",
28,Chignik,56.2942161560059,-158.394805908203,2,2,False,,3.50999999046326,3.50999999046326,10.1700000762939,,,,,,,,703330,"PORT HEIDEN, AK","[('Chignik, City of - Residential', 31), ('Chignik, City of - Commercial - Sm', 358), ('Chignik, City of - Commercial - Lg', 545)]",
29,Chitina,61.5271453857422,-144.401885986328,4,4,False,,2.79999995231628,,3.60999989509583,,,,,,,,702710,"GULKANA INTERMEDIATE FIELD, AK","[('Chitina Electric - Residential', 32), ('Chitina Electric - Commercial - Sm', 360), ('Chitina Electric - Commercial - Lg', 547)]",
30,Circle,65.7805709838867,-144.120498657227,4,4,False,21.0,3.45000004768372,,,,,,,,,,701940,"FORT YUKON, AK","[('Central Electric- Residential', 33), ('Central Electric - Commercial - Sm', 354), ('Central Electric - Commercial - Lg', 541)]",
32,Clear,64.287727355957,-149.169631958008,4,4,False,,3.25,,5.69999980926514,,,,,,,,702600,"NENANA MUNICIPAL AP, AK","[('Golden Valley Electric - Residential', 3), ('Golden Valley Electric - Com- Sm GS1', 380), ('Golden Valley Electric - Com- Lg GS2S', 567), ('Golden Valley Electric GS-2(P)', 683), ('Golden Valley Electric - GS-3', 684)]",
33,Coffman Cove,56.0045051574707,-132.813171386719,1,1,False,,3.14000010490417,3.14000010490417,2.83999991416931,,,,,,,,703870,"WRANGELL, AK","[('Coffman Cove-APT - Residential', 252), ('Coffman Cove-APT - Commercial - Sm', 363), ('Coffman Cove-APT - Commercial - Lg', 550)]",
34,Cold Bay,55.207218170166,-162.71745300293,2,3,False,,4.3899998664856,,,,,,,,,,703160,"COLD BAY ARPT, AK","[('G&K, Inc - Residential', 47), ('G&K, Inc - Commercial - Sm', 378), ('G&K, Inc - Commercial - Lg', 565)]",
36,Cooper Landing,60.4893684387207,-149.796524047852,2,2,False,,2.69000005722046,,4.5,,,,,,,0.0299999993294477,702770,"SEWARD, AK","[('Chugach Electric- Residential', 1), ('Chugach Electric - Commercial - Sm', 361), ('Chugach Electric - Commercial - Lg', 548)]",0.978519976139068
37,Copper Center,61.9822807312012,-145.329803466797,4,4,False,,2.75,,3.44000005722046,,,,,,,,702710,"GULKANA INTERMEDIATE FIELD, AK","[('Copper Valley Electric Assn 1 - Residential', 36), ('Copper Valley Electric Assn 1 - Commercial - Sm', 364), ('Copper Valley Electric Assn 1 - Commercial - Lg', 551)]",
38,Cordova,60.5427436828613,-145.738616943359,2,2,False,,3.00999999046326,,4.0,,,,,,,,702960,"CORDOVA, AK","[('Cordova Electric Cooperative - Residential', 37), ('Cordova Electric Cooperative - Commercial - Sm', 366), ('Cordova Electric - Commercial - Lg', 553)]",
39,Atqasuk - Com,70.4787368774414,-157.417251586914,6,5,False,,4.09999990463257,,8.47000026702881,,,,,,,,700260,"BARROW W POST-W ROGERS ARPT [NSA - ARM], AK","[('North Slope Borough Utilities - Residential', 88), ('North Slope Borough Utilities - Commercial - Sm', 427), ('North Slope Borough Utilities - Commercial - Lg', 614)]",
40,Kaktovik - Res,70.1230087280273,-143.609298706055,6,5,False,,2.5,,6.0,,,,,,,,700637,"DEADHORSE, AK","[('North Slope Borough Utilities - Residential', 88), ('North Slope Borough Utilities - Commercial - Sm', 427), ('North Slope Borough Utilities - Commercial - Lg', 614)]",
41,Nuiqsut,70.2186050415039,-151.004669189453,6,5,False,,2.29999995231628,,7.63000011444092,,,,,,,,700637,"DEADHORSE, AK","[('North Slope Borough Utilities - Residential', 88), ('Nuiqsut North Slope Borough Commercial', 673), ('Nuiqsut North Slope Borough Residential', 674)]",0.0
42,Point Hope Res,68.3478851318359,-166.769882202148,6,5,False,,2.0,,11.5699996948242,,,,,,,,701043,"POINT HOPE (AWOS), AK","[('North Slope Borough Utilities - Residential', 88), ('North Slope Borough Utilities - Commercial - Sm', 427), ('North Slope Borough Utilities - Commercial - Lg', 614)]",
43,Point Lay,69.7455978393555,-163.012130737305,6,5,False,,1.74000000953674,,8.47000026702881,,,,,,,,701043,"POINT HOPE (AWOS), AK","[('North Slope Borough Utilities - Residential', 88), ('North Slope Borough Utilities - Commercial - Sm', 427), ('North Slope Borough Utilities - Commercial - Lg', 614)]",
44,Wainwright Res,70.644905090332,-160.017776489258,6,5,False,,1.5,,14.6199998855591,,,,,,,,700260,"BARROW W POST-W ROGERS ARPT [NSA - ARM], AK","[('North Slope Borough Utilities - Residential', 88), ('North Slope Borough Utilities - Commercial - Sm', 427), ('North Slope Borough Utilities - Commercial - Lg', 614)]",
45,Ambler,67.087028503418,-157.858917236328,5,5,False,,,,,,,,,,0.0299999993294477,,701718,"AMBLER, AK","[('AVEC-Ambler - Residential', 202), ('AVEC-Ambler - Commercial - Sm', 299), ('AVEC-Ambler - Commercial - Lg', 486)]",
46,Buckland,65.9757614135742,-161.127685546875,5,5,False,,6.5,,10.8100004196167,,,,,,0.0599999986588955,,700197,"SELAWIK, AK","[('Buckland, City of- Residential', 27), ('Buckland, City of - Commercial - Sm', 353), ('Buckland, City of - Commercial - Lg', 540)]",
47,Deering,66.0825576782227,-162.741424560547,5,5,False,,4.75,,9.76000022888184,,,,,,0.0299999993294477,,701330,"KOTZEBUE RALPH WEIN MEMORIAL, AK","[('Ipnatchiaq Electrric Co - Residential', 58), ('Ipnatchiaq Electrric Co - Commercial - Sm', 394), ('Ipnatchiaq Electrric Co - Commercial - Lg', 581)]",
48,Kiana,66.9719772338867,-160.432723999023,5,5,False,,5.5,,,,,,,,0.0299999993294477,,700197,"SELAWIK, AK","[('AVEC-Kiana- Residential', 216), ('AVEC-Kiana - Commercial - Sm', 314), ('AVEC-Kiana - Commercial - Lg', 501)]",
49,Kivalina,67.7271881103516,-164.537689208984,5,5,False,,4.40000009536743,,11.8199996948242,,,,,,0.0199999995529652,,701043,"POINT HOPE (AWOS), AK","[('AVEC-Kivalina- Residential', 217), ('AVEC-Kivalina - Commercial - Sm', 315), ('AVEC-Kivalina - Commercial - Lg', 502)]",
50,Kobuk,66.9152374267578,-156.884384155273,5,5,False,,8.0,,12.9200000762939,,,,,,,,701718,"AMBLER, AK","[('AVEC-Shungnak - Residential', 242), ('AVEC-Shungnak - Commercial - Sm', 338), ('AVEC-Shungnak - Commercial - Lg', 525)]",
51,Kotzebue,66.8983840942383,-162.584930419922,5,5,False,,5.19000005722046,,7.51999998092651,,,,,,0.0599999986588955,,701330,"KOTZEBUE RALPH WEIN MEMORIAL, AK","[('Kotzebue Electric Assn - Residential', 69), ('Kotzebue Electric Assn - Sm Commercial - Sm', 405), ('Kotzebue Electric Assn - Commercial - Lg', 592)]",
52,Noatak,67.5723190307617,-162.970458984375,5,5,False,,8.98999977111816,,,,,,,,,,701330,"KOTZEBUE RALPH WEIN MEMORIAL, AK","[('AVEC-Noatak - Residential', 226), ('AVEC-Noatak - Commercial - Sm', 324), ('AVEC-Noatak - Commercial - Lg', 511)]",
53,Noorvik,66.8327941894531,-161.043121337891,5,5,False,,5.42000007629395,,13.210000038147,,,,,,0.0399999991059303,,700197,"SELAWIK, AK","[('AVEC-Noorvik - Residential', 227), ('AVEC-Noatak - Commercial - Sm', 324), ('AVEC-Noorvik - Commercial - Lg', 512)]",
54,Selawik,66.5987701416016,-160.010437011719,5,5,False,,7.5,,13.5699996948242,,,,,,0.0649999976158142,,700197,"SELAWIK, AK","[('AVEC-Selawik- Residential', 238), ('AVEC-Selawik - Commercial - Sm', 334), ('AVEC-Selawik - Commercial - Lg', 521)]",
55,Shungnak,66.8857345581055,-157.148742675781,5,5,False,,8.25,,,,,,,,0.0199999995529652,,701718,"AMBLER, AK","[('AVEC-Shungnak - Residential', 242), ('AVEC-Shungnak - Commercial - Sm', 338), ('AVEC-Shungnak - Commercial - Lg', 525)]",
56,Brevig Mission,65.3342437744141,-166.487213134766,5,5,False,,4.0,,11.5699996948242,,,,,,0.0299999993294477,,702000,"NOME MUNICIPAL ARPT, AK","[('AVEC-Brevig Mission - Residential', 204), ('AVEC-Brevig Mission - Commercial - Sm', 301), ('AVEC-Brevig Mission - Commercial - Lg', 488)]",
57,Diomede,65.7534942626953,-168.924911499023,5,5,False,,5.0,,,,,,,,0.0399999991059303,,701195,"SHISHMAREF (AWOS), AK","[('Diomede Joint Utilities - Residential', 38), ('Diomede  Joint Utilities - Commercial - Sm', 368), ('Diomede Joint Utilities - Commercial - Lg', 555)]",
58,Elim,64.6170959472656,-162.254791259766,5,5,False,,3.73000001907349,,12.8400001525879,,,,,,0.0299999993294477,,702070,"UNALAKLEET FIELD, AK","[('AVEC-Elim - Residential', 207), ('AVEC-Elim - Commercial - Sm', 304), ('AVEC-Elim - Commercial - Lg', 491)]",
59,Gambell,63.770923614502,-171.71240234375,5,5,False,,4.25,,16.2299995422363,,,,,,0.0299999993294477,,702040,"GAMBELL, AK","[('AVEC-Gambell - Residential', 209), ('AVEC-Gambell - Commercial - Sm', 306), ('AVEC-Gambell - Commercial - Lg', 493)]",
60,Golovin,64.5462265014648,-163.030715942383,5,5,False,,3.70000004768372,,16.7000007629395,,,,,,,,702000,"NOME MUNICIPAL ARPT, AK","[('Golovin, City of - Residential', 49), ('Golovin, City of - Commercial - Sm', 381), ('Golovin, City of - Commercial - Lg', 568)]",
61,Koyuk,64.9316940307617,-161.156509399414,5,5,False,,4.71000003814697,,11.4200000762939,,,,,,0.0199999995529652,,702070,"UNALAKLEET FIELD, AK","[('AVEC-Koyuk - Residential', 218), ('AVEC-Koyuk - Commercial - Sm', 316), ('AVEC-Koyuk - Commercial - Lg', 503)]",
62,Nome,64.5023651123047,-165.397552490234,5,5,False,,4.65999984741211,,6.09999990463257,,,,,,0.0500000007450581,,702000,"NOME MUNICIPAL ARPT, AK","[('Nome Joint Utilities Systems - Residential', 87), ('Nome Joint Utilities Systems - Commercial - Sm', 426), ('Nome Joint Utilities Systems - Commercial - Lg', 613)]",
63,Saint Michael,63.4807167053223,-162.047470092773,5,5,False,,5.88000011444092,,10.1300001144409,,,,,,0.0399999991059303,,702070,"UNALAKLEET FIELD, AK","[('AVEC-St.Michael- Residential', 235), ('AVEC-St.Michael - Commercial - Sm', 340), ('AVEC-St.Michael - Commercial - Lg', 527)]",
64,Savoonga,63.6943283081055,-170.485855102539,5,5,False,,4.25,,19.2800006866455,,,,,,0.0299999993294477,,702035,"SAVOONGA, AK","[('AVEC-Savoonga - Residential', 236), ('AVEC-Savoonga - Commercial - Sm', 332), ('AVEC-Savoonga - Commercial - Lg', 519)]",
65,Shaktoolik,64.3365707397461,-161.163391113281,5,5,False,,4.07999992370605,,16.9500007629395,,,,,,0.0399999991059303,,702070,"UNALAKLEET FIELD, AK","[('AVEC-Shaktoolik - Residential', 240), ('AVEC-Shaktoolik - Commercial - Sm', 336), ('AVEC-Shaktoolik - Commercial - Lg', 523)]",
66,Shishmaref,66.2567520141602,-166.066162109375,5,5,False,,3.79999995231628,,12.0799999237061,,,,,,0.0199999995529652,,701195,"SHISHMAREF (AWOS), AK","[('AVEC-Shishmaref - Residential', 241), ('AVEC-Shishmaref - Commercial - Sm', 337), ('AVEC-Shishmaref - Commercial - Lg', 524)]",
67,Stebbins,63.5218353271484,-162.276565551758,5,5,False,,4.51999998092651,,11.5699996948242,,,,,,0.0299999993294477,,702070,"UNALAKLEET FIELD, AK","[('AVEC-Stebbins- Residential', 243), ('AVEC-Stebbins - Commercial - Sm', 341), ('AVEC-Stebbins - Commercial - Lg', 528)]",
68,Teller,65.2541046142578,-166.336273193359,5,5,False,,5.30000019073486,,11.4399995803833,,,,,,0.0299999993294477,,702000,"NOME MUNICIPAL ARPT, AK","[('AVEC-Teller - Residential', 281), ('AVEC-Teller - Commercial - Sm', 342)]",
69,Unalakleet,63.8789482116699,-160.791076660156,5,5,False,,3.94000005722046,,12.0299997329712,,,,,,0.0500000007450581,,702070,"UNALAKLEET FIELD, AK","[('Unalakleet Valley Electric Assoc - Residential', 133), ('Unalakleet Valley Electric Assoc - Commercial - Sm', 464), ('Unalakleet Valley Electric Assoc - Commercial - Lg', 651)]",
70,Wales,65.6099853515625,-168.09001159668,5,5,False,,6.25,,,,,,,,0.0299999993294477,,701195,"SHISHMAREF (AWOS), AK","[('AVEC-Wales - Residential', 247), ('AVEC-Wales - Commercial - Sm', 346), ('AVEC-Wales - Commercial - Lg', 533)]",
71,White Mountain,64.6804733276367,-163.401702880859,5,5,False,,3.5,,15.8900003433228,,,,,,0.00999999977648258,,702000,"NOME MUNICIPAL ARPT, AK","[('White Mountain, City of - Residential', 127), ('White Mountain, City of - Commercial - Sm', 469), ('White Mountain, City of - Commercial - Lg', 656)]",
72,Chevak,61.528133392334,-165.585968017578,4,6,False,,5.55000019073486,,16.0,,,,,,,,702186,"HOOPER BAY, AK","[('AVEC-Chevak- Residential', 205), ('AVEC-Chevak - Commercial - Sm', 302), ('AVEC-Chevak - Commercial - Lg', 489)]",
73,Emmonak,62.7795753479004,-164.545227050781,4,6,False,,5.32999992370605,,12.3999996185303,,,,,,0.0299999993294477,,702084,"EMMONAK, AK","[('AVEC-Emmonak - Residential', 208), ('AVEC-Emmonak - Commercial - Sm', 305), ('AVEC-Emmonak - Commercial - Lg', 492)]",
74,Hooper Bay,61.527214050293,-166.104797363281,4,6,False,,4.90000009536743,,13.3461542129517,,,,,,0.0399999991059303,,702186,"HOOPER BAY, AK","[('AVEC-Hooper Bay- Residential', 213), ('AVEC-Hooper Bay - Commercial - Sm', 310), ('AVEC-Hooper Bay - Commercial - Lg', 497)]",
75,Kotlik,63.0332527160645,-163.550277709961,4,6,False,,4.40000009536743,,12.3000001907349,,,,,,0.0299999993294477,,702084,"EMMONAK, AK","[('AVEC-Kotlik - Residential', 68), ('AVEC-Kotlik - Commercial - Sm', 404), ('AVEC-Kotlik - Commercial - Lg', 591)]",
76,Marshall,61.8778305053711,-162.085510253906,4,6,False,,5.05000019073486,,7.46000003814697,,,,,,0.0399999991059303,,702005,"SAINT MARY`S (AWOS), AK","[('AVEC-Marshall - Residential', 220), ('AVEC-Marshal l - Commercial - Sm', 318), ('AVEC-Marshall - Commercial - Lg', 505)]",
77,Mountain Village,62.0908966064453,-163.72233581543,4,6,False,,6.90999984741211,,11.3400001525879,,,,,,0.0299999993294477,,702005,"SAINT MARY`S (AWOS), AK","[('AVEC-Mt.Village- Residential', 223), ('AVEC-Mt.Village - Commercial - Sm', 321), ('AVEC-Mt.Village - Commercial - Lg', 508)]",
78,Pilot Station,61.9386711120605,-162.882705688477,4,6,False,,6.03000020980835,,,,,,,,0.0399999991059303,,702005,"SAINT MARY`S (AWOS), AK","[('AVEC-Pilot Station- Residential', 231), ('AVEC-Pilot Station - Commercial - Sm', 329), ('AVEC-Pilot Station - Commercial - Lg', 516)]",
79,Pitkas Point,62.0377807617188,-163.278366088867,4,6,False,,5.46000003814697,,9.48999977111816,,,,,,,,702005,"SAINT MARY`S (AWOS), AK","[(""AVEC-St.Mary's/Adref/Pitkas - Residential"", 234), (""AVEC-St.Mary's/Adref/Pitkas - Commercial - Sm"", 339), (""AVEC-St.Mary's/Adref/Pitkas - Commercial - Lg"", 526)]",
80,Russian Mission,61.7852745056152,-161.331680297852,4,6,False,,4.61999988555908,,8.61999988555908,,,,,,0.0399999991059303,,702320,"ANIAK AIRPORT, AK","[('AVEC-Russian Mission - Residential', 233), ('AVEC-Russian Mission - Commercial - Sm', 331), ('AVEC-Russian Mission - Commercial - Lg', 518)]",
81,Saint Mary's,62.0523948669434,-163.179351806641,4,6,False,,5.46000003814697,,9.48999977111816,,,,,,0.0299999993294477,,702005,"SAINT MARY`S (AWOS), AK","[(""AVEC-St.Mary's/Adref/Pitkas - Residential"", 234), (""AVEC-St.Mary's/Adref/Pitkas - Commercial - Sm"", 339), (""AVEC-St.Mary's/Adref/Pitkas - Commercial - Lg"", 526)]",
82,Scammon Bay,61.8418388366699,-165.580261230469,4,6,False,,5.13000011444092,,11.1000003814697,,,,,,0.0399999991059303,0.025000000372529,702186,"HOOPER BAY, AK","[('AVEC-Scammon Bay - Residential', 237), ('AVEC-Scammon Bay - Commercial - Sm', 333), ('AVEC-Scammon Bay - Commercial - Lg', 520)]",
83,Nunum Iqua,62.5311241149902,-164.849349975586,4,6,False,,4.5,,11.6153841018677,,,,,,0.0399999991059303,,702084,"EMMONAK, AK","[('Nunum Iqua Electric - Residential', 105), ('Nunum Iqua Electric - Commercial - Sm', 429), ('Nunum Iqua Electric - Commercial - Lg', 616)]",
84,Akiachak,60.9100151062012,-161.424179077148,4,6,False,,5.07999992370605,,,,,,,,,,702190,"BETHEL AIRPORT, AK","[('Akiachak Residential', 7), ('Akiachak Commercial - Sm', 286), ('Akiachak Commercial - Lg', 473)]",
85,Akiak,60.9119720458984,-161.222457885742,4,6,False,,4.78000020980835,,7.65999984741211,,,,,,,,702190,"BETHEL AIRPORT, AK","[('Akiak, City of - Residential', 8), ('Akiak, City of - Commercial - Sm', 287), ('Akiak, City of - Commercial - Lg', 474)]",
86,Atmautluak,60.859504699707,-162.275985717773,4,6,False,,4.8600001335144,,7.19999980926514,,,,,,,,702190,"BETHEL AIRPORT, AK","[('Atmautluak Joint Utilities - Residential', 19), ('Atmautluak Joint Utilities - Commercial - Sm', 297), ('Atmautluak Joint Utilities - Commercial - Lg', 484)]",
87,Chefornak,60.153736114502,-164.258682250977,4,6,False,,5.30000019073486,,7.5,,,,,,0.0199999995529652,,702185,"MEKORYUK, AK","[('Naterkaq Light Plant - Residential', 83), ('Naterkaq Light Plant - Commercial - Sm', 422), ('Naterkaq Light Plant - Commercial - Lg', 609)]",
88,Eek,60.2154922485352,-162.021438598633,4,6,False,,4.0,,,,,,,,0.0199999995529652,,702190,"BETHEL AIRPORT, AK","[('AVEC-Eek - Residential', 206), ('AVEC-Eek - Commercial - Sm', 303), ('AVEC-Eek - Commercial - Lg', 490)]",
89,Goodnews Bay,59.119327545166,-161.583145141602,4,6,False,,4.0,,10.1499996185303,,,,,,0.0299999993294477,,703606,"TOGIAC VILLAGE AWOS, AK","[('AVEC-Goodnews Bay - Residential', 210), ('AVEC-Goodnews Bay - Commercial - Sm', 307), ('AVEC-Goodnews Bay - Commercial - Lg', 494)]",
90,Kasigluk,60.878044128418,-162.519744873047,4,6,False,,5.13000011444092,,12.2299995422363,,,,,,0.0399999991059303,,702190,"BETHEL AIRPORT, AK","[('AVEC-Nunapitchuk/Kasig - Residential', 229), ('AVEC-Nunapitchuk/Kasig - Commercial - Sm', 327), ('AVEC-Nunapitchuk/Kasig - Commercial - Lg', 514)]",
91,Kipnuk,59.9356307983398,-164.036499023438,4,6,False,,4.59000015258789,,,,,,,,0.0,,702185,"MEKORYUK, AK","[('Kipnuk Light Plant - Residential', 63), ('Kipnuk Light Plant - Commercial - Sm', 398), ('Kipnuk Light Plant - Commercial - Lg', 585)]",
92,Kongiganak,59.9583053588867,-162.888580322266,4,6,False,,4.57999992370605,,,,,,,,,,702190,"BETHEL AIRPORT, AK","[('Puvurnaq Power Company - Residential', 99), ('Puvurnaq Power Company - Commercial - Sm', 440), ('Puvurnaq Power Company - Commercial - Lg', 627)]",
93,Kwethluk,60.8084754943848,-161.430252075195,4,6,False,,4.82999992370605,,11.6000003814697,,,,,,0.0500000007450581,,702190,"BETHEL AIRPORT, AK","[('Kuiggluum Kallugvia - Residential', 71), ('Kuiggluum Kallugvia - Commercial - Sm', 407), ('Kuiggluum Kallugvia - Commercial - Lg', 594)]",
94,Kwigillingok,59.8712272644043,-163.17414855957,4,6,False,,4.5,,15.75,,,,,,,,702190,"BETHEL AIRPORT, AK","[('Kwig Power Company - Residential', 72), ('Kwig Power Company - Commercial - Sm', 408), ('Kwig Power Company - Commercial - Lg', 595)]",
95,Mekoryok,60.3856887817383,-166.209686279297,4,6,False,,4.55000019073486,,12.539999961853,,,,,,0.0399999991059303,,702185,"MEKORYUK, AK","[('AVEC-Mekoryuk - Residential', 221), ('AVEC-Mekoryuk - Commercial - Sm', 319), ('AVEC-Mekoryuk - Commercial - Lg', 506)]",
96,Napakiak,60.6920852661133,-161.975692749023,4,6,False,,4.32999992370605,,,,,,,,0.0399999991059303,,702190,"BETHEL AIRPORT, AK","[('Napakiak - Residential', 81), ('Napakiak - Commercial - Sm', 420), ('Napakiak - Commercial - Lg', 607)]",
97,Napaskiak,60.7067565917969,-161.757781982422,4,6,False,,6.40000009536743,,,,,,,,,,702190,"BETHEL AIRPORT, AK","[('Napaskiak, Inc - Residential', 82), ('Napaskiak, Inc - Commercial - Sm', 421), ('Napaskiak, Inc - Commercial - Lg', 608)]",
98,Newtok,60.9377517700195,-164.63298034668,4,6,False,,6.71999979019165,,,,,,,,,,702186,"HOOPER BAY, AK","[('Unqusrag - Residential', 124), ('Unqusrag - Commercial - Sm', 466), ('Unqusrag - Commercial - Lg', 653)]",
99,Nightmute,60.4776077270508,-164.719848632813,4,6,False,,6.5,,,,,,,,0.0199999995529652,,702185,"MEKORYUK, AK","[('AVEC-Nightmute- Residential', 225), ('AVEC-Nightmute - Commercial - Sm', 323), ('AVEC-Nightmute - Commercial - Lg', 510)]",
100,Nunapitchuk,60.8963508605957,-162.460388183594,4,6,False,,5.15000009536743,,11.460000038147,,,,,,0.0399999991059303,,702190,"BETHEL AIRPORT, AK","[('AVEC-Nunapitchuk/Kasig - Residential', 229), ('AVEC-Nunapitchuk/Kasig - Commercial - Sm', 327), ('AVEC-Nunapitchuk/Kasig - Commercial - Lg', 514)]",
101,Oscarville,60.7211456298828,-161.772888183594,4,6,False,13.0,5.90000009536743,,9.10000038146973,,,,,,,,702190,"BETHEL AIRPORT, AK","[('Bethel Utilities Corportion - Residential', 23), ('Bethel - Commercial - Sm', 350), ('Bethel  - Commercial - Lg', 537)]",
102,Platinum,59.0074348449707,-161.812026977539,4,6,False,,,,,,,,,,,,703606,"TOGIAC VILLAGE AWOS, AK","[('Self Generation', 131)]",
103,Quinhagak,59.7503700256348,-161.898498535156,4,6,False,,4.84999990463257,,5.48999977111816,,,,,,0.0299999993294477,,702190,"BETHEL AIRPORT, AK","[('AVEC-Quinhagak- Residential', 232), ('AVEC-Quinhagak - Commercial - Sm', 330), ('AVEC-Quinhagak - Commercial - Lg', 517)]",
104,Toksook Bay,60.5337944030762,-165.112457275391,4,6,False,,5.25,,19.2299995422363,,,,,,0.0199999995529652,,702185,"MEKORYUK, AK","[('AVEC-Toksook Bay - Residential', 245), ('AVEC-Toksook Bay - Commercial - Sm', 344), ('AVEC-Toksook Bay - Commercial - Lg', 531)]",
105,Tuluksak,61.0987358093262,-160.95930480957,4,6,False,,4.78000020980835,,13.210000038147,,,,,,,,702190,"BETHEL AIRPORT, AK","[('Tuluksak Traditional Power - Commercial - Sm', 120), ('Tuluksak Traditional Power - Residential', 460), ('Tuluksak Traditional Power - Commercial - Lg', 647)]",
106,Tuntutuliak,60.3422088623047,-162.670043945313,4,6,False,,4.75,,12.710000038147,,,,,,,,702190,"BETHEL AIRPORT, AK","[('Tuntutuliak Community Services - Residential', 121), ('Tuntutuliak Community Services - Commercial - Sm', 461), ('Tuntutuliak Community Services - Commercial - Lg', 648)]",
107,Tununak,60.5837249755859,-165.258331298828,4,6,False,,4.75,,10.0,,,,,,,,702185,"MEKORYUK, AK","[('AVEC-Tununak - Residential', 246), ('AVEC-Tununak - Commercial - Sm', 345), ('AVEC-Tununak - Commercial - Lg', 532)]",
108,Chuathbaluk,61.5765266418457,-159.241180419922,4,6,False,,5.34999990463257,,11.8599996566772,,,,,,,,702320,"ANIAK AIRPORT, AK","[('Middle Kuskokwim Electric Coop - Residential', 79), ('Middle Kuskokwim Electric Coop - Commercial - Sm', 418), ('Middle Kuskokwim Electric Coop - Commercial - Lg', 605)]",
109,Crooked Creek,61.8689231872559,-158.129486083984,4,6,False,,6.34999990463257,,14.8299999237061,,,,,,,,703407,"SLEETMUTE, AK","[('Middle Kuskokwim Electric Coop - Residential', 79), ('Middle Kuskokwim Electric Coop - Commercial - Sm', 418), ('Middle Kuskokwim Electric Coop - Commercial - Lg', 605)]",
110,Lime Village,61.351375579834,-155.438583374023,4,6,False,,6.0,,13.7700004577637,,,,,,,,703407,"SLEETMUTE, AK","[('Lime Village - Residential', 273), ('Lime Village - Commercial - Sm', 411), ('Lime Village - Commercial - Lg', 598)]",
111,Lower Kalskag,61.5133628845215,-160.363494873047,4,6,False,,5.69999980926514,,,,,,,,,,702320,"ANIAK AIRPORT, AK","[('AVEC-Lwr/Upr Kalskag - Residential', 219), ('AVEC-Lwr/Upr Kalskag - Commercial - Sm', 317), ('AVEC-Lwr/Upr Kalskag - Commercial - Lg', 504)]",
114,Sleetmute,61.6940803527832,-157.167770385742,4,6,False,,6.0,,13.7700004577637,,,,,,,,703407,"SLEETMUTE, AK","[('Middle Kuskokwim Electric Coop - Residential', 79), ('Middle Kuskokwim Electric Coop - Commercial - Sm', 418), ('Middle Kuskokwim Electric Coop - Commercial - Lg', 605)]",
115,Stony River,61.7887802124023,-156.589202880859,4,6,False,,4.59999990463257,,,,,,,,,,703407,"SLEETMUTE, AK","[('Middle Kuskokwim Electric Coop - Residential', 79), ('Middle Kuskokwim Electric Coop - Commercial - Sm', 418), ('Middle Kuskokwim Electric Coop - Commercial - Lg', 605)]",
116,Upper Kalskag,61.5422439575195,-160.320129394531,4,6,False,,5.69999980926514,,10.9700002670288,,,,,,,,702320,"ANIAK AIRPORT, AK","[('AVEC-Lwr/Upr Kalskag - Residential', 219), ('AVEC-Lwr/Upr Kalskag - Commercial - Sm', 317), ('AVEC-Lwr/Upr Kalskag - Commercial - Lg', 504)]",
117,Clark's Point,58.8342247009277,-158.550018310547,3,3,False,,3.4300000667572,,,,,,,,0.0500000007450581,,703210,"DILLINGHAM (AMOS), AK","[('Self Generation', 131)]",
118,Dillingham,59.0461540222168,-158.527679443359,3,3,False,,2.95000004768372,,5.13000011444092,,,,,,0.0599999986588955,,703210,"DILLINGHAM (AMOS), AK","[('Nushagak Electric Cooperative - Residential', 90), ('Nushagak Electric Cooperative - Commercial - Sm', 430), ('Nushagak Electric Cooperative - Commercial - Lg', 617)]",
119,Ekwok,59.3577842712402,-157.470901489258,3,3,False,,5.5,,,,,,,,,,703210,"DILLINGHAM (AMOS), AK","[('AVEC  Ekwok Commercial - Sm', 372), ('AVEC - Ekwok - Residential', 42), ('AVEC - Ekwok - Commercial - Lg', 559)]",
120,Koliganek,59.7271194458008,-157.287734985352,3,3,False,,5.0,,7.42000007629395,,,,,,,,703210,"DILLINGHAM (AMOS), AK","[('Koliganek Village Council - Residential', 67), ('Koliganek Village Council - Commercial - Sm', 403), ('Koliganek Village Council - Commercial - Lg', 590)]",
121,Manokotak,58.9682197570801,-159.021453857422,3,3,False,,4.5,,,,,,,,,,703210,"DILLINGHAM (AMOS), AK","[('Manakotak Power Company - Residential', 76), ('Manakotak Power Company - Commercial - Sm', 412), ('Manakotak Power Company - Commercial - Lg', 599)]",
122,New Stuyahok,59.4511642456055,-157.319061279297,3,3,False,,6.0,,11.0200004577637,,,,,,,,703210,"DILLINGHAM (AMOS), AK","[('AVEC-New Stuyahok- Residential', 224), ('AVEC-New Stuyahok - Commercial - Sm', 322), ('AVEC-New Stuyahok - Commercial - Lg', 509)]",
123,Togiak,59.0600280761719,-160.391326904297,3,3,False,,5.15000009536743,,,,,,,,0.0199999995529652,,703606,"TOGIAC VILLAGE AWOS, AK","[('AVEC-Togiak - Residential', 244), ('AVEC-Togiak - Commercial - Sm', 343), ('AVEC-Togiak - Commercial - Lg', 530)]",
124,Twin Hills,59.0730438232422,-160.283065795898,3,3,False,,5.5,,10.5900001525879,,,,,,,,703606,"TOGIAC VILLAGE AWOS, AK","[('Twin Hills Village Council - Residential', 279), ('Twin Hills Village Council - Commercial - Sm', 462), ('Twin Hills Village Council - Commercial - Lg', 649)]",
125,King Salmon,58.6983757019043,-156.688690185547,3,3,False,,2.78999996185303,,11.6499996185303,,,,,,,,703260,"KING SALMON ARPT, AK","[('Naknek - Residential', 80), ('Naknek - Commercial - Sm', 419), ('Naknek - Commercial - Lg', 606)]",
126,Naknek,58.7423210144043,-156.953918457031,3,3,False,125.0,2.78999996185303,,11.6499996185303,,,,,,,,703260,"KING SALMON ARPT, AK","[('Naknek - Residential', 80), ('Naknek - Commercial - Sm', 419), ('Naknek - Commercial - Lg', 606)]",
127,South Naknek,58.7124366760254,-157.007202148438,3,3,False,125.0,2.78999996185303,,11.6499996185303,,,,,,,,703260,"KING SALMON ARPT, AK","[('Naknek - Residential', 80), ('Naknek - Commercial - Sm', 419), ('Naknek - Commercial - Lg', 606)]",
128,Chignik Lake,56.2511444091797,-158.748687744141,2,2,False,,3.91000008583069,,,,,,,,,,703330,"PORT HEIDEN, AK","[('Chignik Lake Electric Utility - Residential', 30), ('Chignik Lake Electric Utility - Commercial - Sm', 357), ('Chignik Lake Electric Utility - Commercial - Lg', 544)]",
129,Egegik,58.2129898071289,-157.359848022461,3,3,False,,3.40000009536743,,,,,,,,,,703260,"KING SALMON ARPT, AK","[('Egegik Light & Power - Residential', 41), ('Egegik Light & Power - Commercial - Sm', 371), ('Egegik Light & Power - Commercial - Lg', 558)]",
130,Igiugig,59.3263664245605,-155.897399902344,3,3,False,,6.75,,10.1700000762939,,,,,,,,703400,"ILIAMNA ARPT, AK","[('Igiugig Village Council - Residential', 57), ('Igiugig Village Council - Commercial - Sm', 391), ('Igiugig Village Council - Commercial - Lg', 578)]",
131,Iliamna,59.7577934265137,-154.848098754883,3,3,False,,3.55999994277954,,6.0,,,,,,,,703400,"ILIAMNA ARPT, AK","[('I-N-N Electric Cooperative, Inc - Residential', 56), ('I-N-N Electric Cooperative, Inc - Commercial - Sm', 392), ('I-N-N Electric Cooperative, Inc - Commercial - Lg', 579)]",
133,Kokhanok,59.4390258789063,-154.768081665039,3,3,False,131.0,5.59999990463257,,10.3000001907349,,,,,,,,703400,"ILIAMNA ARPT, AK","[('Kokhanok Village Council - Residential', 66), ('Kokhanok Village Council - Commercial - Sm', 402), ('Kokhanok Village Council - Commercial - Lg', 589)]",
134,Levelock,59.1110000610352,-156.861877441406,3,3,False,,4.75,,9.52999973297119,,,,,,,,703260,"KING SALMON ARPT, AK","[('Levelock Electric Cooperativ - Residential', 74), ('Levelock Electric Cooperativ - Commercial - Sm', 410), ('Levelock Electric Cooperativ - Commercial - Lg', 597)]",
135,Newhalen,59.7274513244629,-154.890808105469,3,3,False,131.0,5.09999990463257,,6.25,,,,,,0.0199999995529652,0.0299999993294477,703400,"ILIAMNA ARPT, AK","[('I-N-N Electric Cooperative, Inc - Residential', 56), ('I-N-N Electric Cooperative, Inc - Commercial - Sm', 392), ('I-N-N Electric Cooperative, Inc - Commercial - Lg', 579)]",
136,Nondalton,59.96484375,-154.855163574219,3,3,False,,5.30999994277954,,8.47000026702881,,,,,,0.0299999993294477,,703400,"ILIAMNA ARPT, AK","[('I-N-N Electric Cooperative, Inc - Residential', 56), ('I-N-N Electric Cooperative, Inc - Commercial - Sm', 392), ('I-N-N Electric Cooperative, Inc - Commercial - Lg', 579)]",
137,Pedro Bay,59.7831764221191,-154.115829467773,3,3,False,,4.21000003814697,,6.67000007629395,,,,,,,,703400,"ILIAMNA ARPT, AK","[('Pedro Bay Village Council - Residential', 93), ('Pedro Bay Village Council - Commercial - Sm', 433), ('Pedro Bay Village Council - Commercial - Lg', 620)]",
138,Perryville,55.9137992858887,-159.157592773438,3,3,False,,3.39000010490417,,14.4899997711182,,,,,,,,703165,"SAND POINT, AK","[('Perryville Electric Utility - Residential', 94), ('Perryville Electric Utility - Commercial - Sm', 435), ('Perryville Electric Utility - Commercial - Lg', 622)]",
139,Pilot Point,57.5584526062012,-157.571426391602,3,3,False,,4.0,,4.23999977111816,,,,,,0.0,,703330,"PORT HEIDEN, AK","[('Pilot Point  - Residential', 96), ('Pilot Point - Commercial - Sm', 437), ('Pilot Point  - Commercial - Lg', 624)]",
140,Port Alsworth,60.2024116516113,-154.320159912109,3,3,False,,,,,,,,,,,,703400,"ILIAMNA ARPT, AK","[('Self Generation', 131)]",
141,Port Heiden,56.9315338134766,-158.62158203125,3,3,False,,4.5,,10.5900001525879,,,,,,,,703330,"PORT HEIDEN, AK","[('Port Heiden, City of - Residential', 97), ('Port Heiden, City of - Commercial - Sm', 439), ('Port Heiden, City of - Commercial - Lg', 626)]",
142,Ugashik,57.5045585632324,-157.395370483398,3,3,False,,5.0,,,,,,,,,,703330,"PORT HEIDEN, AK","[('Self Generation', 131)]",
143,False Pass,54.8529586791992,-163.418518066406,2,3,False,,4.69999980926514,,11.6796112060547,,,,,,,,703160,"COLD BAY ARPT, AK","[('False Pass Electric - Residential', 45), ('False Pass Electric - Commercial - Sm', 377), ('False Pass Electric - Commercial - Lg', 564)]",
144,King Cove,55.0541229248047,-162.30615234375,2,3,False,,2.92000007629395,,,,,,,,0.0599999986588955,,703160,"COLD BAY ARPT, AK","[('King Cove, City of - Residential', 62), ('King Cove, City of - Commercial - Sm', 397), ('King Cove, City of - Commercial - Lg', 584)]",
145,Nelson Lagoon,56.0006942749023,-161.204238891602,2,3,False,,4.51000022888184,,10.5900001525879,,,,,,,,703165,"SAND POINT, AK","[('Nelson Lagoon Electric Coop - Residential', 84), ('Nelson Lagoon Electric Coop - Commercial - Sm', 424), ('Nelson Lagoon Electric Coop - Commercial - Lg', 611)]",
146,Sand Point,55.3423652648926,-160.491058349609,2,3,False,,3.94000005722046,,7.8899998664856,,,,,,0.0399999991059303,,703165,"SAND POINT, AK","[('Sand Point TDX - Residential', 102), ('Sand Point TDX - Commercial - Sm', 442), ('Sand Point TDX - Commercial - Lg', 629)]",
147,Nikolski,52.9407043457031,-168.863616943359,2,3,False,,,,,,,,,,,,704890,"DUTCH HARBOR, AK","[('Umnak Power Co., The Native Vill - Residential', 122), ('Umnak Power Co., The Native Vill - Commercial - Sm', 463), ('Umnak Power Co., The Native Vill - Commercial - Lg', 650)]",
148,Saint George,56.6018753051758,-169.603118896484,2,3,False,,7.15000009536743,7.15000009536743,13.0900001525879,,,,,,0.0299999993294477,,703080,"ST PAUL ISLAND ARPT, AK","[('St. George Electric Utility - Residential', 135), ('St. George Electric Utility - Commercial - Sm', 448), ('St. George Electric Utility - Commercial - Lg', 635)]",
149,Saint Paul,57.1298561096191,-170.275726318359,2,3,False,,3.5,,,,,,,,0.0299999993294477,,703080,"ST PAUL ISLAND ARPT, AK","[('St. Paul, City of - Residential', 107), ('St. Paul, City of - Commercial - Sm', 449), ('St. Paul, City of - Commercial - Lg', 636)]",
151,Unalaska,53.8731307983398,-166.525314331055,2,3,False,,3.19000005722046,3.08999991416931,,,,,,,0.0299999993294477,,704890,"DUTCH HARBOR, AK","[('Unalaska, City of - Residential', 123), ('Unalaska, City of - Commercial - Sm', 465), ('Unalaska, City of - Commercial - Lg', 652)]",
152,Anvik,62.6514739990234,-160.194931030273,4,4,False,,5.34999990463257,,9.52999973297119,,,,,,,,702075,"ANVIK, AK","[('AVEC-Anvik - Residential', 203), ('AVEC-Anvik - Commercial - Sm', 300), ('AVEC-Anvik - Commercial - Lg', 487)]",
153,Grayling,62.9097061157227,-160.070999145508,4,4,False,,5.09999990463257,,,,,,,,,,702075,"ANVIK, AK","[('AVEC-Grayling- Residential', 211), ('AVEC-Grayling - Commercial - Sm', 308), ('AVEC-Grayling - Commercial - Lg', 495)]",
154,Holy Cross,62.2033271789551,-159.779846191406,4,4,False,,6.05000019073486,,10.1700000762939,,,,,,,,702075,"ANVIK, AK","[('AVEC-Holy Cross- Residential', 212), ('AVEC-Holy Cross - Commercial - Sm', 309), ('AVEC-Holy Cross - Commercial - Lg', 496)]",
155,McGrath,62.9469680786133,-155.57926940918,4,4,False,,6.5,,8.26000022888184,,,,,,,,702310,"MCGRATH ARPT, AK","[('McGrath Light & Power - Residential', 78), ('McGrath Light & Power - Commercial - Sm', 415), ('McGrath Light & Power - Commercial - Lg', 602)]",
156,Nikolai,63.0154609680176,-154.378662109375,4,4,False,,8.0,,,,,,,,,,702310,"MCGRATH ARPT, AK","[('Nikolai Light & Power, City of - Residential', 86), ('Nikolai Light & Power, City of - Commercial - Sm', 425), ('Nikolai Light & Power, City of - Commercial - Lg', 612)]",
157,Shageluk,62.6522598266602,-159.52555847168,4,4,False,,6.0,,,,,,,,,,702075,"ANVIK, AK","[('AVEC-Shageluk - Residential', 239), ('AVEC-Shageluk - Commercial - Sm', 335), ('AVEC-Shageluk - Commercial - Lg', 522)]",
158,Takotna,62.9839172363281,-156.092300415039,4,4,False,,3.41000008583069,,3.44000005722046,,,,,,,,702310,"MCGRATH ARPT, AK","[('Takotna Community Association - Residential', 109), ('Takotna Community Association - Commercial - Sm', 451), ('Takotna Community Association - Commercial - Lg', 638)]",
159,Beaver,66.3645858764648,-147.394912719727,4,4,False,,3.24000000953674,,,,,,,,,,701940,"FORT YUKON, AK","[('Beaver Village Electric Utility - Residential', 22), ('Beaver Village Electric Utility - Commercial - Sm', 349), ('Beaver Village - Commercial - Lg', 536)]",
160,Birch Creek,66.2616424560547,-145.817947387695,4,4,False,161.0,3.42000007629395,,,,,,,,,,701940,"FORT YUKON, AK","[('Self Generation', 131)]",
161,Fort Yukon,66.56494140625,-145.246429443359,4,4,False,,5.59999990463257,,8.35000038146973,,,,,,0.0299999993294477,,701940,"FORT YUKON, AK","[('Gwitchyaa Zhee Utility Co - Residential', 51), ('Gwitchyaa Zhee Utility Co - Commercial - Sm', 383), ('Gwitchyaa Zhee Utility Co - Commercial - Lg', 570)]",
162,Venetie,67.0156860351563,-146.411087036133,4,4,False,,8.5,,12.710000038147,,,,,,,,701940,"FORT YUKON, AK","[('Venetie Village Electric - Residential', 280), ('Venetie Village Electric - Commercial - Sm', 467), ('Venetie Village Electric - Commercial - Lg', 654)]",
163,Alatna,66.5618591308594,-152.709045410156,4,4,False,,7.0,,11.4399995803833,,,,,,,,701740,"BETTLES FIELD, AK","[('Alatna-APT- Residential', 248), ('Alatna-APT - Commercial - Sm', 290), ('Alatna-APT- Commercial - Lg', 477)]",
164,Evansville,66.9198837280273,-151.496551513672,4,4,False,,3.91000008583069,,8.47000026702881,,,,,,,,701740,"BETTLES FIELD, AK","[('Evansville-APT- Residential', 257), ('Evansville-APT - Commercial - Lg', 562), ('Evansville-APT - Commercial - Sm', 375)]",
165,Galena,64.7430877685547,-156.865707397461,4,4,False,,5.44999980926514,,7.90000009536743,,,,,,0.0299999993294477,,702225,"HUSLIA, AK","[('Galena Electric Utility - Residential', 48), ('Galena Electric Utility - Commercial - Sm', 379), ('Galena Electric Utility - Commercial - Lg', 566)]",
166,Hughes,66.0420761108398,-154.251541137695,4,4,False,,9.0,,13.3500003814697,,,,,,,,702225,"HUSLIA, AK","[('Hughes Power & Light Co - Residential', 55), ('Hughes Power & Light Co - Commercial - Sm', 389), ('Hughes Power & Light Co - Commercial - Lg', 576)]",
167,Huslia,65.7022399902344,-156.38655090332,4,4,False,,5.69999980926514,,8.89999961853027,,,,,,,,702225,"HUSLIA, AK","[('AVEC-Huslia - Residential', 214), ('AVEC-Huslia - Commercial - Sm', 311), ('AVEC-Huslia - Commercial - Lg', 498)]",
168,Kaltag,64.3246612548828,-158.72917175293,4,4,False,,4.0,,8.47000026702881,,,,,,,,702070,"UNALAKLEET FIELD, AK","[('AVEC-Kaltag- Residential', 215), ('AVEC-Kaltag - Commercial - Sm', 312), ('AVEC-Kaltag - Commercial - Lg', 499)]",
169,Koyukuk,64.8821182250977,-157.70783996582,4,4,False,,6.5,,8.47000026702881,,,,,,,,702225,"HUSLIA, AK","[('Koyukuk, City of - Residential', 70), ('Koyukuk, City of - Commercial - Sm', 406), ('Koyukuk, City of - Commercial - Lg', 593)]",
170,Minchumina,63.8955230712891,-152.289596557617,4,4,False,,,,,,,,,,,,702460,"MINCHUMINA, AK","[('Self Generation', 131)]",
171,Manley Hot Springs,64.9954071044922,-150.633483886719,4,4,False,,4.09999990463257,,,,,,,,,,701780,"TANANA RALPH M CALHOUN MEM AP, AK","[('Manley Utility Co - Residential', 75), ('Manley Utility Co - Commercial - Sm', 413), ('Manley Utility Co - Commercial - Lg', 600)]",
172,Minto,65.1505737304688,-149.355102539063,4,4,False,,3.40000009536743,,5.40000009536743,,,,,,,,702600,"NENANA MUNICIPAL AP, AK","[('AVEC-Minto - Residential', 222), ('AVEC-Minto - Commercial - Sm', 320), ('AVEC-Minto - Commercial - Lg', 507)]",
173,Nulato,64.7317428588867,-158.111892700195,4,4,False,,4.25,,8.6899995803833,,,,,,,,702225,"HUSLIA, AK","[('AVEC-Nulato- Residential', 228), ('AVEC-Nulato - Commercial - Sm', 326), ('AVEC-Nulato - Commercial - Lg', 513)]",
174,Rampart,65.5100860595703,-150.152481079102,4,4,False,,5.0,,,,,,,,,,701780,"TANANA RALPH M CALHOUN MEM AP, AK","[('Self Generation', 131)]",
175,Ruby,64.7341766357422,-155.48469543457,4,4,False,,5.25,,9.75,,,,,,,,702225,"HUSLIA, AK","[('Ruby, City of - Residential', 101), ('Ruby, City of - Commercial - Sm', 441), ('Ruby, City of - Commercial - Lg', 628)]",
176,Stevens Village,66.0080184936523,-149.093246459961,4,4,False,,,,,,,,,,,,702610,"FAIRBANKS INTL ARPT, AK","[('Stevens Village - Residential', 274), ('Stevens Village - Commercial - Sm', 450), ('Stevens Village - Commercial - Lg', 637)]",
177,Tanana,65.1726455688477,-152.067108154297,4,4,False,,4.25,,8.0,,,,,,,,701780,"TANANA RALPH M CALHOUN MEM AP, AK","[('Tanana Power Company, Inc - Residential', 111), ('Tanana Power Company, Inc - Commercial - Sm', 453), ('Tanana Power Company, Inc - Commercial - Lg', 640)]",
178,Wiseman,67.4113998413086,-150.12158203125,4,4,False,,,,,,,,,,,,701740,"BETTLES FIELD, AK","[('Self Generation', 131)]",
179,Dot Lake,63.6433868408203,-144.043518066406,4,4,False,,3.45000004768372,,3.5,,,,,,,,702670,"BIG DELTA ALLEN AAF, AK","[('Dot Lake-APT - Residential', 254), ('Dot Lake-APT - Commercial - Sm', 369), ('Dot Lake-APT - Commercial - Lg', 556)]",
181,Eagle,64.7845077514648,-141.200866699219,4,4,False,,3.95000004768372,,5.0,,,,,,,,702910,"NORTHWAY AIRPORT, AK","[('Eagle Village-APT - Residential', 256), ('Eagle Village-APT - Commercial - Sm', 370), ('Eagle Village-APT- Commercial - Lg', 557)]",
182,Healy,63.9011878967285,-149.0478515625,4,4,False,,2.75,,4.09999990463257,,,,,,,,702647,"HEALY RIVER AIRPORT, AK","[('Golden Valley Electric - Residential', 3), ('Golden Valley Electric - Com- Sm GS1', 380), ('Golden Valley Electric - Com- Lg GS2S', 567), ('Golden Valley Electric GS-2(P)', 683), ('Golden Valley Electric - GS-3', 684)]",
183,Northway,62.9645347595215,-141.8681640625,4,4,False,,3.45000004768372,,3.44000005722046,,,,,,,,702910,"NORTHWAY AIRPORT, AK","[('Northway-APT - Residential', 266), ('Northway-APT - Commercial - Sm', 428), ('Northway-APT - Commercial - Lg', 615)]",
184,Tanacross,63.3625755310059,-143.396514892578,4,4,False,,3.45000004768372,,3.5,,,,,,,,702910,"NORTHWAY AIRPORT, AK","[('Tok-APT - Residential', 270), ('Tok-APT- Commercial - Sm', 459), ('Tok-APT - Commercial - Lg', 646)]",
185,Tetlin,63.1371231079102,-142.526397705078,4,4,False,,3.25,,3.5,,,,,,,,702910,"NORTHWAY AIRPORT, AK","[('Tetlin-APT - Residential', 268), ('Tetlin-APT - Commercial - Sm', 457), ('Tetlin-APT - Commercial - Lg', 644)]",
186,Tok,63.3342018127441,-143.04167175293,4,4,False,,3.25,,2.83999991416931,,,,,,,,702910,"NORTHWAY AIRPORT, AK","[('Tok-APT - Residential', 270), ('Tok-APT- Commercial - Sm', 459), ('Tok-APT - Commercial - Lg', 646)]",
188,Haines,59.2358245849609,-135.450347900391,1,1,False,,3.25,3.15000009536743,3.5,,,,,,0.0549999997019768,,703620,"SKAGWAY AIRPORT, AK","[('Haines-APT - Residential', 258), ('Haines-APT - Commercial - Sm', 384), ('Haines-APT - Commercial - Lg', 571)]",
189,Elfin Cove,58.1924781799316,-136.331008911133,1,1,False,,3.74000000953674,,6.1399998664856,,,,,,,,703670,"GUSTAVUS, AK","[('Elfin Cove Electric - Residential', 43), ('Elfin Cove Electric - Commercial - Sm', 373), ('Elfin Cove Electric - Commercial - Lg', 560)]",
190,Gustavus,58.4219398498535,-135.739685058594,1,1,False,,3.86999988555908,3.84999990463257,4.07000017166138,,,,,,0.0299999993294477,,703670,"GUSTAVUS, AK","[('Gustavus Electric Company - Residential', 50), ('Gustavus Electric Company - Commercial - Sm', 382)]",
191,Hoonah,58.1091117858887,-135.433197021484,1,1,False,,3.49000000953674,,,,,,,,0.0649999976158142,,702607,"HOONAH, AK","[('Inside Passage Electric Coop - Residential', 283), ('Inside Passage Electric Coop  - Commercial - Sm', 393), ('Inside Passage Electric Coop - Commercial - Lg', 580)]",
192,Pelican,57.9599990844727,-136.226989746094,1,1,False,,3.50999999046326,,4.75,,,,,,0.0399999991059303,,702607,"HOONAH, AK","[('Pelican - Residential', 98), ('Pelican - Commercial - Sm', 434), ('Pelican - Commercial - Lg', 621)]",
193,Yakutat,59.5467185974121,-139.728057861328,1,1,False,,3.57999992370605,3.67000007629395,5.44999980926514,,,,,,0.0,0.0500000007450581,703610,"YAKUTAT STATE ARPT, AK","[('AVEC - Yakutat - Residential', 129), ('AVEC -Yakutat - Commercial - Sm', 471), ('AVEC -Yakutat - Commercial - Lg', 658)]",
194,Klukwan,59.3993797302246,-135.89453125,1,1,False,,3.25,3.15000009536743,,,,,,,,0.0549999997019768,703620,"SKAGWAY AIRPORT, AK","[('Inside Passage Electric Coop - Residential', 283), ('Inside Passage Electric Coop  - Commercial - Sm', 393), ('Inside Passage Electric Coop - Commercial - Lg', 580)]",
195,Skagway,59.4616661071777,-135.310272216797,1,1,False,,3.14000010490417,3.03999996185303,4.0,,,,,,0.0299999993294477,,703620,"SKAGWAY AIRPORT, AK","[('Skagway-APT - Residential', 267), ('Skagway-APT - Commercial - Sm', 446), ('Skagway-APT - Commercial - Lg', 633)]",
199,Tenakee Springs,57.7808074951172,-135.218460083008,1,1,False,,3.14000010490417,2.92000007629395,3.61999988555908,,,,,,0.0199999995529652,,702607,"HOONAH, AK","[('Tenakee Springs Electric Utility - Residential', 115), ('Tenakee Springs Electric Utility - Commercial - Sm', 456), ('Tenakee Springs Electric Utility - Commercial - Lg', 643)]",
200,"Juneau, Airport",58.3570213317871,-134.534332275391,1,1,False,292.0,2.96000003814697,2.91000008583069,3.0,,,,,,0.0500000007450581,,703810,"JUNEAU INT'L ARPT, AK","[('AEL&P - Residential', 11), ('AEL&P - Residential Demand', 659), ('AEL&P - Residential Heat Pump', 663), ('AEL&P - Sm Commercial', 289), ('AEL&P - Lg Commercial', 476), ('AEL&P -  Sm Commercial Demand', 660)]",
201,Sitka,57.063060760498,-135.337387084961,1,1,False,,2.72000002861023,2.71000003814697,,,,,,,0.0500000007450581,,703710,"SITKA JAPONSKI AP, AK","[('Sitka, City & Borough - Residential', 106), ('Sitka, City & Borough - Commercial - Sm', 445), ('Sitka, City & Borough - Commercial - Lg', 632)]",
202,Wrangell,56.420825958252,-132.352630615234,1,1,False,,2.98000001907349,3.19000005722046,,,,,,,0.0,0.0700000002980232,703870,"WRANGELL, AK","[('Wrangell, City of - Residential', 128), ('Wrangell - Residential Heat Rate Service', 688), ('Wrangell, City of - Commercial - Sm', 470), ('Wrangell, City of - Commercial - Lg', 657), ('Wrangell - Large Commercial Heat Rate Service', 686), ('Wrangell - Small Commercial Heat Rate Service', 687)]",
203,Kake,56.975456237793,-133.939041137695,1,1,False,,3.84999990463257,,3.99000000953674,,,,,,0.0500000007450581,,703855,"KAKE SEAPLANE BASE, AK","[('Inside Passage Electric Coop - Residential', 283), ('Inside Passage Electric Coop  - Commercial - Sm', 393), ('Inside Passage Electric Coop - Commercial - Lg', 580)]",
204,Petersburg,56.8050842285156,-132.95719909668,1,1,False,,2.98000001907349,,,,,,,,0.0599999986588955,,703860,"PETERSBURG, AK","[('Petersburg, City of - Residential', 95), ('Petersburg, City of - Commercial - Sm', 436), ('Petersburg, City of - Commercial - Lg', 623)]",
205,Port Alexander,56.2500686645508,-134.650680541992,1,1,False,,3.49038481712341,3.39423084259033,,,,,,,0.0399999991059303,,703855,"KAKE SEAPLANE BASE, AK","[('Self Generation', 131)]",
207,Ketchikan,55.3522338867188,-131.668319702148,1,1,False,,3.01999998092651,2.92000007629395,3.07999992370605,,,,,,0.0350000001490116,0.025000000372529,703950,"KETCHIKAN INTL AP, AK","[('Ketchikan, City of - Residential', 61), ('Ketchikan, City of - Commercial - Sm NonDemand', 396), ('Ketchikan, City of - Commercial - Lg', 583)]",
208,Saxman,55.3210296630859,-131.598693847656,1,1,False,207.0,3.01999998092651,2.92000007629395,3.07999992370605,,,,,,0.0399999991059303,0.025000000372529,703950,"KETCHIKAN INTL AP, AK","[('Ketchikan, City of - Residential', 61), ('Ketchikan, City of - Commercial - Sm NonDemand', 396), ('Ketchikan, City of - Commercial - Lg', 583)]",
209,Ward Cove,55.4115753173828,-131.724334716797,1,1,False,207.0,3.01999998092651,2.92000007629395,3.07999992370605,,,,,,0.0350000001490116,0.025000000372529,703950,"KETCHIKAN INTL AP, AK","[('Ketchikan, City of - Residential', 61), ('Ketchikan, City of - Commercial - Sm NonDemand', 396), ('Ketchikan, City of - Commercial - Lg', 583)]",
210,Metlakatla,55.1238708496094,-131.577621459961,1,1,False,207.0,3.0,2.90000009536743,4.44999980926514,,,,,,,,703980,"ANNETTE ISLAND AP, AK","[('Metlakatla Power & Light - Residential', 134), ('Metlakatla Power & Light - Commercial - Sm', 417), ('Metlakatla Power & Light - Commercial - Lg', 604)]",
211,Hyder,55.9190254211426,-130.028793334961,1,1,False,,,,,,,,,,,,703950,"KETCHIKAN INTL AP, AK","[('Self Generation', 131)]",
213,Hollis,55.483585357666,-132.669906616211,1,1,False,,3.14000010490417,,2.83999991416931,,,,,,,,703884,"HYDABURG SEAPLANE, AK","[('Hollis-APT - Residential', 260), ('Hollis-APT - Commercial - Sm', 386), ('Hollis-APT - Commercial - Lg', 573)]",
214,Craig,55.4760704040527,-133.138168334961,1,1,False,,3.03999996185303,3.03999996185303,2.92000007629395,,,,,,0.0500000007450581,,703884,"HYDABURG SEAPLANE, AK","[('Craig-APT - Residential', 253), ('Craig-APT - Commercial - Sm', 367), ('Craig-APT - Commercial - Lg', 554)]",
215,Hydaburg,55.2073516845703,-132.824584960938,1,1,False,,3.14000010490417,,2.83999991416931,,,,,,0.0599999986588955,,703884,"HYDABURG SEAPLANE, AK","[('Hydaburg-APT - Residential', 261), ('Hydaburg-APT - Commercial - Sm', 390), ('Hydaburg-APT - Commercial - Lg', 577)]",
216,Kasaan,55.5438919067383,-132.411956787109,1,1,False,,3.14000010490417,3.03999996185303,2.74000000953674,,,,,,,,703884,"HYDABURG SEAPLANE, AK","[('Kasaan-APT - Residential', 262), ('Kasaan-APT - Commercial - Sm', 395), ('Kasaan-APT - Commercial - Lg', 582)]",
217,Klawock,55.5547866821289,-133.087646484375,1,1,False,,3.03999996185303,2.94000005722046,2.69000005722046,,,,,,0.0549999997019768,,703884,"HYDABURG SEAPLANE, AK","[('Klawock-APT - Residential', 263), ('Klawock-APT - Commercial - Sm', 399), ('Klawock-APT - Commercial - Lg', 586)]",
223,Point Baker,56.3485946655273,-133.616638183594,1,1,False,,4.84999990463257,4.80000019073486,4.65000009536743,,,,,,,,703860,"PETERSBURG, AK","[('Self Generation', 131)]",
226,Port Protection,56.3221588134766,-133.606079101563,1,1,False,,4.65000009536743,,4.59999990463257,,,,,,,,703860,"PETERSBURG, AK","[('Self Generation', 131)]",
227,Thorne Bay,55.6734313964844,-132.52507019043,1,1,False,,2.98000001907349,2.88000011444092,2.83999991416931,,,,,,0.0599999986588955,,703884,"HYDABURG SEAPLANE, AK","[('Thorne Bay-APT - Residential', 269), ('Thorne Bay-APT - Commercial - Sm', 458), ('Thorne Bay-APT - Commercial - Lg', 645)]",
229,Chistochina,62.5816307067871,-144.654022216797,4,4,False,,2.75,,,,,,,,,,702710,"GULKANA INTERMEDIATE FIELD, AK","[('Chistochina-APT- Residential', 251), ('Chistochina-APT - Commercial - Sm', 359), ('Chistochina-APT - Commercial - Lg', 546)]",
230,Gakona,62.3082542419434,-145.255889892578,4,4,False,,2.75,,3.44000005722046,,,,,,,,702710,"GULKANA INTERMEDIATE FIELD, AK","[('Copper Valley Electric Assn 1 - Residential', 36), ('Copper Valley Electric Assn 1 - Commercial - Sm', 364), ('Copper Valley Electric Assn 1 - Commercial - Lg', 551)]",
231,Glennallen,62.1093597412109,-145.562515258789,4,4,False,,2.75,,3.60999989509583,,,,,,,,702710,"GULKANA INTERMEDIATE FIELD, AK","[('Copper Valley Electric Assn 1 - Residential', 36), ('Copper Valley Electric Assn 1 - Commercial - Sm', 364), ('Copper Valley Electric Assn 1 - Commercial - Lg', 551)]",
232,Gulkana,62.2693519592285,-145.379959106445,4,4,False,,2.75,,3.44000005722046,,,,,,,,702710,"GULKANA INTERMEDIATE FIELD, AK","[('Copper Valley Electric Assn 1 - Residential', 36), ('Copper Valley Electric Assn 1 - Commercial - Sm', 364), ('Copper Valley Electric Assn 1 - Commercial - Lg', 551)]",
233,Kenny Lake,61.7205047607422,-144.912307739258,4,4,False,,2.75,,3.44000005722046,,,,,,,,702710,"GULKANA INTERMEDIATE FIELD, AK","[('Copper Valley Electric Assn 1 - Residential', 36), ('Copper Valley Electric Assn 1 - Commercial - Sm', 364), ('Copper Valley Electric Assn 1 - Commercial - Lg', 551)]",
234,McCarthy,61.4270668029785,-142.929046630859,4,4,False,,2.86999988555908,,4.03999996185303,,,,,,,,702710,"GULKANA INTERMEDIATE FIELD, AK","[('Self Generation', 131)]",
235,Mentasta Lake,62.9364356994629,-143.717147827148,4,4,False,,2.84999990463257,,3.47000002861023,,,,,,,,702910,"NORTHWAY AIRPORT, AK","[('Mentasta Lake-APT - Residential', 264), ('Mentasta Lake-APT - Commercial - Sm', 416), ('Mentasta Lake-APT - Commercial - Lg', 603)]",
236,Paxson,63.0232887268066,-145.51383972168,4,4,False,,2.84999990463257,,4.03999996185303,,,,,,,,702710,"GULKANA INTERMEDIATE FIELD, AK","[('Self Generation', 131)]",
237,Slana,62.7039833068848,-143.892517089844,4,4,False,,2.75,,3.44000005722046,,,,,,,,702710,"GULKANA INTERMEDIATE FIELD, AK","[('Slana-APT - Residential', 282), ('Slana-APT - Commercial - Sm', 447), ('Slana-APT - Commercial - Lg', 634)]",
238,Tazlina,62.0622291564941,-145.42268371582,4,4,False,,2.75,,3.44000005722046,,,,,,,,702710,"GULKANA INTERMEDIATE FIELD, AK","[('Copper Valley Electric Assn 1 - Residential', 36), ('Copper Valley Electric Assn 1 - Commercial - Sm', 364), ('Copper Valley Electric Assn 1 - Commercial - Lg', 551)]",
239,Tonsina,61.6607360839844,-145.181671142578,2,2,False,,2.75,,3.44000005722046,,,,,,,,702710,"GULKANA INTERMEDIATE FIELD, AK","[('Copper Valley Electric Assn 1 - Residential', 36), ('Copper Valley Electric Assn 1 - Commercial - Sm', 364), ('Copper Valley Electric Assn 1 - Commercial - Lg', 551)]",
240,Eyak,60.5646858215332,-145.701904296875,2,2,True,38.0,3.00999999046326,,4.0,,,,,,,,702960,"CORDOVA, AK","[('Cordova Electric Cooperative - Residential', 37), ('Cordova Electric Cooperative - Commercial - Sm', 366), ('Cordova Electric - Commercial - Lg', 553)]",
241,Chenega,60.0696907043457,-148.009201049805,2,2,False,286.0,5.94000005722046,,,,,,,,,,702770,"SEWARD, AK","[('Chenega Bay - Residential', 278), ('Chenega Bay - Commercial - Sm', 356), ('Chenega Bay - Commercial - Lg', 543)]",
242,Tatitlek,60.8738479614258,-146.683807373047,2,2,False,,,,,,,,,,,,702750,"VALDEZ WSO, AK","[('Tatitlek Electric Utility - Residential', 112), ('Tatitlek Electric Utility - Commercial - Sm', 454), ('Tatitlek Electric Utility - Commercial - Lg', 641)]",
243,Valdez,61.125789642334,-146.285659790039,2,2,False,,3.04999995231628,,3.75,,,,,,,,702756,"VALDEZ PIONEER FIEL, AK","[('Copper Valley Electric Assn 2 - Residential', 136), ('Copper Valley Electric Assn 2 - Commercial - Sm', 365), ('Copper Valley Electric Assn 2 - Commercial - Lg', 552)]",
244,Whittier,60.7732124328613,-148.682708740234,2,2,False,,2.75,,,,,,,,0.0500000007450581,,702757,"WHITTIER, AK","[('Chugach Electric- Residential', 1), ('Chugach Electric - Commercial - Sm', 361), ('Chugach Electric - Commercial - Lg', 548)]",0.978519976139068
245,English Bay/Nanwal,59.3554649353027,-151.919845581055,2,2,False,,4.94000005722046,,,,,,,,,,703410,"HOMER ARPT, AK","[('Homer Electric Assn  - Residential', 53), ('Homer Electric Assn  - Commercial - Sm', 387), ('Homer Electric Assn - Commercial - Lg', 574)]",
246,Port Graham,59.349479675293,-151.832748413086,2,2,False,,3.07999992370605,,,,,,,,,0.0299999993294477,703410,"HOMER ARPT, AK","[('Homer Electric Assn  - Residential', 53), ('Homer Electric Assn  - Commercial - Sm', 387), ('Homer Electric Assn - Commercial - Lg', 574)]",
247,Seward,60.1113624572754,-149.43571472168,2,2,False,,2.69000005722046,,4.09999990463257,,,,,,0.0399999991059303,0.0299999993294477,702770,"SEWARD, AK","[('Seward, City of - Residential', 104), ('Seward, City of - Commercial - Sm', 444), ('Seward, City of - Commercial - Lg', 631)]",
248,Anchor Point,59.7654151916504,-151.785263061523,2,2,False,,2.73000001907349,,4.09999990463257,,,,,,,0.0299999993294477,703410,"HOMER ARPT, AK","[('Homer Electric Assn  - Residential', 53), ('Homer Electric Assn  - Commercial - Sm', 387), ('Homer Electric Assn - Commercial - Lg', 574)]",0.978519976139068
249,Clam Gulch,60.2151794433594,-151.412506103516,2,2,False,,2.75,,4.09999990463257,,,,,,,0.0299999993294477,702595,"SOLDOTNA, AK","[('Homer Electric Assn  - Residential', 53), ('Homer Electric Assn  - Commercial - Sm', 387), ('Homer Electric Assn - Commercial - Lg', 574)]",0.978519976139068
257,Homer,59.6522941589355,-151.529998779297,2,2,False,,2.72000002861023,,4.09999990463257,,,,,,0.0450000017881393,0.0299999993294477,703410,"HOMER ARPT, AK","[('Homer Electric Assn  - Residential', 53), ('Homer Electric Assn  - Commercial - Sm', 387), ('Homer Electric Assn - Commercial - Lg', 574)]",0.978519976139068
258,Hope,60.9062309265137,-149.623275756836,2,2,False,,2.69000005722046,,4.09999990463257,,,,,,,0.0299999993294477,702730,"ANCHORAGE INTL AP, AK","[('Chugach Electric- Residential', 1), ('Chugach Electric - Commercial - Sm', 361), ('Chugach Electric - Commercial - Lg', 548)]",0.978519976139068
261,Kasilof,60.3330955505371,-151.243728637695,2,2,False,262.0,2.75,,4.09999990463257,,,,,,,0.0299999993294477,702595,"SOLDOTNA, AK","[('Homer Electric Assn  - Residential', 53), ('Homer Electric Assn  - Commercial - Sm', 387), ('Homer Electric Assn - Commercial - Lg', 574)]",0.978519976139068
262,Kenai,60.5598220825195,-151.231964111328,2,2,False,,2.75,,4.09999990463257,,,,,,0.0299999993294477,0.0299999993294477,702590,"KENAI MUNICIPAL AP, AK","[('Homer Electric Assn  - Residential', 53), ('Homer Electric Assn  - Commercial - Sm', 387), ('Homer Electric Assn - Commercial - Lg', 574)]",0.978519976139068
263,Moose Pass,60.501880645752,-149.424407958984,2,2,False,247.0,2.69000005722046,,4.09999990463257,,,,,,,0.0299999993294477,702770,"SEWARD, AK","[('Chugach Electric- Residential', 1), ('Chugach Electric - Commercial - Sm', 361), ('Chugach Electric - Commercial - Lg', 548)]",0.978519976139068
264,Nikiski,60.6994895935059,-151.286041259766,2,2,False,,2.75,,4.09999990463257,,,,,,,0.0299999993294477,702590,"KENAI MUNICIPAL AP, AK","[('Homer Electric Assn  - Residential', 53), ('Homer Electric Assn  - Commercial - Sm', 387), ('Homer Electric Assn - Commercial - Lg', 574)]",0.978519976139068
265,Nikolaevsk,59.8056678771973,-151.625427246094,2,2,False,,2.75990462303162,,4.09999990463257,,,,,,,0.0299999993294477,703410,"HOMER ARPT, AK","[('Homer Electric Assn  - Residential', 53), ('Homer Electric Assn  - Commercial - Sm', 387), ('Homer Electric Assn - Commercial - Lg', 574)]",0.978519976139068
266,Ninilchik,60.0539474487305,-151.581069946289,2,2,False,270.0,2.73000001907349,,4.09999990463257,,,,,,,0.0299999993294477,703410,"HOMER ARPT, AK","[('Homer Electric Assn  - Residential', 53), ('Homer Electric Assn  - Commercial - Sm', 387), ('Homer Electric Assn - Commercial - Lg', 574)]",0.978519976139068
269,Seldovia,59.4391784667969,-151.712219238281,2,2,False,,4.38000011444092,,5.55000019073486,,,,,,0.0350000001490116,0.0299999993294477,703410,"HOMER ARPT, AK","[('Homer Electric Assn  - Residential', 53), ('Homer Electric Assn  - Commercial - Sm', 387), ('Homer Electric Assn - Commercial - Lg', 574)]",
270,Soldotna,60.4894065856934,-151.082138061523,2,2,False,,2.75,,4.09999990463257,,,,,,0.0299999993294477,0.0299999993294477,702595,"SOLDOTNA, AK","[('Homer Electric Assn  - Residential', 53), ('Homer Electric Assn  - Commercial - Sm', 387), ('Homer Electric Assn - Commercial - Lg', 574)]",0.978519976139068
271,Sterling,60.5199928283691,-150.847198486328,2,2,False,270.0,2.75,,4.09999990463257,,,,,,,0.0299999993294477,702595,"SOLDOTNA, AK","[('Homer Electric Assn  - Residential', 53), ('Homer Electric Assn  - Commercial - Sm', 387), ('Homer Electric Assn - Commercial - Lg', 574)]",0.978519976139068
272,Tyonek,61.0764846801758,-151.15071105957,2,2,False,,4.75,,,,,,,,,,702590,"KENAI MUNICIPAL AP, AK","[('Chugach Electric- Residential', 1), ('Chugach Electric - Commercial - Sm', 361), ('Chugach Electric - Commercial - Lg', 548)]",
274,Houston,61.6034698486328,-149.763137817383,2,2,False,281.0,2.75,,3.83999991416931,,,,,,0.0199999995529652,,702746,"BIRCHWOOD, AK","[('Matanuska Electric Assn. - Residential', 77), ('Matanuska Electric Assn. - Commercial - Sm', 414), ('Matanuska Electric Assn. - Commercial - Lg', 601)]",0.978519976139068
275,Girdwood,60.9419097900391,-149.168563842773,2,2,False,1.0,3.14000010490417,,4.5,,,,,,,,702757,"WHITTIER, AK","[('Chugach Electric- Residential', 1), ('Chugach Electric - Commercial - Sm', 361), ('Chugach Electric - Commercial - Lg', 548)]",0.978519976139068
276,Palmer,61.6025047302246,-149.118896484375,2,2,False,,2.75,,3.83999991416931,,,,,,0.0299999993294477,,702740,"PALMER MUNICIPAL, AK","[('Matanuska Electric Assn. - Residential', 77), ('Matanuska Electric Assn. - Commercial - Sm', 414), ('Matanuska Electric Assn. - Commercial - Lg', 601)]",0.978519976139068
277,Skwentna,61.9591255187988,-151.163696289063,2,2,False,,,,,,,,,,,,702495,"HAYES RIVER, AK","[('Self Generation', 131)]",
278,Sutton,61.7108383178711,-148.896362304688,2,2,False,,2.75,,3.83999991416931,,,,,,,,702740,"PALMER MUNICIPAL, AK","[('Matanuska Electric Assn. - Residential', 77), ('Matanuska Electric Assn. - Commercial - Sm', 414), ('Matanuska Electric Assn. - Commercial - Lg', 601)]",
279,Talkeetna,62.2899208068848,-150.086334228516,2,2,False,,2.75,,3.83999991416931,350.0,,,,,,,702510,"TALKEETNA STATE ARPT, AK","[('Matanuska Electric Assn. - Residential', 77), ('Matanuska Electric Assn. - Commercial - Sm', 414), ('Matanuska Electric Assn. - Commercial - Lg', 601)]",
280,Trapper Creek,62.315502166748,-150.287155151367,2,2,False,,2.75,,3.83999991416931,,,,,,,,702510,"TALKEETNA STATE ARPT, AK","[('Matanuska Electric Assn. - Residential', 77), ('Matanuska Electric Assn. - Commercial - Sm', 414), ('Matanuska Electric Assn. - Commercial - Lg', 601)]",
281,Wasilla,61.5831680297852,-149.454849243164,2,2,False,,2.75,,3.83999991416931,,,,,,0.0299999993294477,,702746,"BIRCHWOOD, AK","[('Matanuska Electric Assn. - Residential', 77), ('Matanuska Electric Assn. - Commercial - Sm', 414), ('Matanuska Electric Assn. - Commercial - Lg', 601)]",0.978519976139068
282,Willow,61.7502593994141,-150.025482177734,2,2,False,,2.75,,3.83999991416931,,,,,,,,702746,"BIRCHWOOD, AK","[('Matanuska Electric Assn. - Residential', 77), ('Matanuska Electric Assn. - Commercial - Sm', 414), ('Matanuska Electric Assn. - Commercial - Lg', 601)]",
283,Akhiok,56.944522857666,-154.171524047852,2,2,False,,2.86999988555908,,7.42000007629395,,,,,,,,703500,"KODIAK AIRPORT, AK","[('Akhiok, City of Residential', 6), ('Akhiok, City of Commercial -Sm', 285), ('Akhiok, City of Commercial - Lg', 472)]",
284,Chiniak,57.6153564453125,-152.217468261719,2,2,False,286.0,3.1800000667572,,,,,,,,,,703500,"KODIAK AIRPORT, AK","[('Kodiak Electric Assn - Residential', 65), ('Kodiak Electric Assn - Commercial - Sm', 401), ('Kodiak Electric Assn - Commercial - Lg', 588)]",
285,Karluk,57.555004119873,-154.432800292969,2,2,False,,4.92000007629395,,,,,,,,,,703500,"KODIAK AIRPORT, AK","[('Alutiiq Power - Residential', 15), ('Alutiiq Power- Commercial - Sm', 292), ('Alutiiq Power- Commercial - Lg', 479)]",
286,Kodiak,57.7971839904785,-152.391326904297,2,2,False,,2.88000011444092,,5.0943398475647,,,,,,,,703500,"KODIAK AIRPORT, AK","[('Kodiak Electric Assn - Residential', 65), ('Kodiak Electric Assn - Commercial - Sm', 401), ('Kodiak Electric Assn - Commercial - Lg', 588)]",
287,Larsen Bay,57.5341873168945,-153.987731933594,2,2,False,,3.59999990463257,,8.55000019073486,,,,,,0.0299999993294477,,703500,"KODIAK AIRPORT, AK","[('Larsen Bay Electric - Residential', 73), ('Larsen Bay Electric - Commercial - Sm', 409), ('Larsen Bay Electric - Commercial - Lg', 596)]",
288,Old Harbor,57.2059898376465,-153.300689697266,2,2,False,,4.07000017166138,3.97000002861023,,,,,,,0.0299999993294477,,703500,"KODIAK AIRPORT, AK","[('AVEC-Old Harbor - Residential', 230), ('AVEC-Old Harbor - Commercial - Sm', 328), ('AVEC-Old Harbor - Commercial - Lg', 515)]",
289,Ouzinkie,57.9211082458496,-152.502487182617,2,2,False,,2.75999999046326,,6.3600001335144,,,,,,0.0299999993294477,,703500,"KODIAK AIRPORT, AK","[('Ouzinkie, City of - Residential', 91), ('Ouzinkie, City of - Commercial - Sm', 431), ('Ouzinkie, City of - Commercial - Lg', 618)]",
290,Port Lions,57.8666877746582,-152.879852294922,2,2,False,,3.70000004768372,,,,,,,,,,703500,"KODIAK AIRPORT, AK","[('Kodiak Electric Assn - Residential', 65), ('Kodiak Electric Assn - Commercial - Sm', 401), ('Kodiak Electric Assn - Commercial - Lg', 588)]",
292,"Juneau, City of",58.3570213317871,-134.534332275391,1,1,False,,2.96000003814697,2.91000008583069,3.0,,,,,,0.0500000007450581,,703810,"JUNEAU INT'L ARPT, AK","[('AEL&P - Residential', 11), ('AEL&P - Residential Demand', 659), ('AEL&P - Residential Heat Pump', 663), ('AEL&P - Sm Commercial', 289), ('AEL&P - Lg Commercial', 476), ('AEL&P -  Sm Commercial Demand', 660)]",
293,Fairbanks,64.8387680053711,-147.714569091797,4,4,False,,2.89000010490417,,3.99000000953674,350.0,250.0,,10.5,23.3999996185303,,,702610,"FAIRBANKS INTL ARPT, AK","[('Golden Valley Electric - Residential', 3), ('Golden Valley Electric - Com- Sm GS1', 380), ('Golden Valley Electric - Com- Lg GS2S', 567), ('Golden Valley Electric GS-2(P)', 683), ('Golden Valley Electric - GS-3', 684)]",2.08100008964539
294,Alakanuk,62.6872863769531,-164.665786743164,4,3,False,,5.51999998092651,,,,,,,,0.0399999991059303,,702084,"EMMONAK, AK","[('AVEC-Alakanuk- Residential', 201), ('AVEC-Alakanuk - Commercial - Sm', 298), ('AVEC-Alakanuk - Commercial - Lg', 485)]",
295,Aleknagik,59.2757453918457,-158.621994018555,3,3,False,,3.15000009536743,,,,,,,,0.0500000007450581,,703210,"DILLINGHAM (AMOS), AK","[('Nushagak Electric Cooperative - Residential', 90), ('Nushagak Electric Cooperative - Commercial - Sm', 430), ('Nushagak Electric Cooperative - Commercial - Lg', 617)]",
296,Anaktuvuk Pass - C,68.1446762084961,-151.735290527344,6,5,False,,8.35000038146973,,16.9500007629395,,,,,,0.0299999993294477,,701625,"ANAKTUVUK PASS, AK","[('North Slope Borough Utilities - Residential', 88), ('North Slope Borough Utilities - Commercial - Sm', 427), ('North Slope Borough Utilities - Commercial - Lg', 614)]",
298,Indian,60.9908981323242,-149.504211425781,2,2,False,,3.11999988555908,,4.09999990463257,,,,,,,,702730,"ANCHORAGE INTL AP, AK","[('Chugach Electric- Residential', 1), ('Chugach Electric - Commercial - Sm', 361), ('Chugach Electric - Commercial - Lg', 548)]",0.978519976139068
299,Chugiak,61.3883438110352,-149.484146118164,2,2,False,,3.11999988555908,,4.09999990463257,,,,,,,,702746,"BIRCHWOOD, AK","[('Matanuska Electric Assn. - Residential', 77), ('Matanuska Electric Assn. - Commercial - Sm', 414), ('Matanuska Electric Assn. - Commercial - Lg', 601)]",0.978519976139068
300,Eagle River,61.3208351135254,-149.569961547852,2,2,False,1.0,3.08999991416931,,4.09999990463257,,,,,,,,702746,"BIRCHWOOD, AK","[('Matanuska Electric Assn. - Residential', 77), ('Matanuska Electric Assn. - Commercial - Sm', 414), ('Matanuska Electric Assn. - Commercial - Lg', 601)]",0.978519976139068
301,Douglas,58.2752151489258,-134.394226074219,1,1,False,292.0,2.75,2.66000008583069,3.15000009536743,,,,,,,0.0500000007450581,703810,"JUNEAU INT'L ARPT, AK","[('AEL&P - Residential', 11), ('AEL&P - Residential Demand', 659), ('AEL&P - Residential Heat Pump', 663), ('AEL&P - Sm Commercial', 289), ('AEL&P - Lg Commercial', 476), ('AEL&P -  Sm Commercial Demand', 660)]",
302,Nenana,64.5561981201172,-149.086944580078,4,4,False,,3.60999989509583,,4.44000005722046,,,,,,0.0399999991059303,,702600,"NENANA MUNICIPAL AP, AK","[('Golden Valley Electric - Residential', 3), ('Golden Valley Electric - Com- Sm GS1', 380), ('Golden Valley Electric - Com- Lg GS2S', 567), ('Golden Valley Electric GS-2(P)', 683), ('Golden Valley Electric - GS-3', 684)]",
304,North Pole,64.7492752075195,-147.348968505859,4,4,False,293.0,2.89000010490417,,3.99000000953674,,,,,,0.0399999991059303,,702650,"FAIRBANKS/EIELSON A, AK","[('Golden Valley Electric - Residential', 3), ('Golden Valley Electric - Com- Sm GS1', 380), ('Golden Valley Electric - Com- Lg GS2S', 567), ('Golden Valley Electric GS-2(P)', 683), ('Golden Valley Electric - GS-3', 684)]",
305,Anderson,64.3405685424805,-149.190216064453,4,4,False,,3.60999989509583,,4.44000005722046,,,,,,0.0599999986588955,,702600,"NENANA MUNICIPAL AP, AK","[('Golden Valley Electric - Residential', 3), ('Golden Valley Electric - Com- Sm GS1', 380), ('Golden Valley Electric - Com- Lg GS2S', 567), ('Golden Valley Electric GS-2(P)', 683), ('Golden Valley Electric - GS-3', 684)]",
306,Dutch Harbor,53.8905258178711,-166.536178588867,2,3,False,151.0,3.19000005722046,3.19000005722046,,,,,,,0.0299999993294477,,704890,"DUTCH HARBOR, AK","[('Unalaska, City of - Residential', 123), ('Unalaska, City of - Commercial - Sm', 465), ('Unalaska, City of - Commercial - Lg', 652)]",
307,Salcha,64.5469207763672,-147.006408691406,4,4,False,,3.09999990463257,,3.75,,,,,,,,702650,"FAIRBANKS/EIELSON A, AK","[('Golden Valley Electric - Residential', 3), ('Golden Valley Electric - Com- Sm GS1', 380), ('Golden Valley Electric - Com- Lg GS2S', 567), ('Golden Valley Electric GS-2(P)', 683), ('Golden Valley Electric - GS-3', 684)]",
308,Denali Nat'l Park,63.634521484375,-148.7900390625,4,4,False,302.0,3.25,,4.44000005722046,,,,,,,,702647,"HEALY RIVER AIRPORT, AK","[('Golden Valley Electric - Residential', 3), ('Golden Valley Electric - Com- Sm GS1', 380), ('Golden Valley Electric - Com- Lg GS2S', 567), ('Golden Valley Electric GS-2(P)', 683), ('Golden Valley Electric - GS-3', 684)]",
309,Ester,64.8533096313477,-147.979614257813,4,4,False,293.0,2.89000010490417,,3.99000000953674,,,,,,,,702610,"FAIRBANKS INTL ARPT, AK","[('Golden Valley Electric - Residential', 3), ('Golden Valley Electric - Com- Sm GS1', 380), ('Golden Valley Electric - Com- Lg GS2S', 567), ('Golden Valley Electric GS-2(P)', 683), ('Golden Valley Electric - GS-3', 684)]",
310,Bird Creek,60.9675788879395,-149.435287475586,2,2,False,1.0,3.11999988555908,,5.59999990463257,,,,,,,,702730,"ANCHORAGE INTL AP, AK","[('Chugach Electric- Residential', 1), ('Chugach Electric - Commercial - Sm', 361), ('Chugach Electric - Commercial - Lg', 548)]",0.978519976139068
311,Whale Pass,56.115062713623,-133.154815673828,1,1,False,0.0,3.14000010490417,3.03999996185303,2.94000005722046,,,,,,,,703870,"WRANGELL, AK","[('Whale Pass-APT - Residential', 271), ('Whale Pass-APT - Commercial - Sm', 468), ('Whale Pass-APT - Commercial - Lg', 655)]",
312,Naukati,55.8730010986328,-133.206604003906,1,1,False,0.0,3.14000010490417,3.03999996185303,2.94000005722046,,,,,,,,703884,"HYDABURG SEAPLANE, AK","[('Naukiti-APT - Residential', 199), ('Naukiti-APT - Commercial - Sm', 423), ('Naukiti-APT - Commercial - Lg', 610)]",
315,Anaktuvuk Pass Res,68.1446762084961,-151.735290527344,6,5,False,0.0,1.5,,16.9500007629395,,,,,,0.0299999993294477,,701625,"ANAKTUVUK PASS, AK","[('North Slope Borough Utilities - Residential', 88), ('North Slope Borough Utilities - Commercial - Sm', 427), ('North Slope Borough Utilities - Commercial - Lg', 614)]",
316,Atqasuk - Res,70.4787368774414,-157.417251586914,6,5,False,0.0,1.39999997615814,,8.47000026702881,,,,,,,,700260,"BARROW W POST-W ROGERS ARPT [NSA - ARM], AK","[('Nome Joint Utilities Systems - Residential', 87), ('Nome Joint Utilities Systems - Commercial - Sm', 426), ('North Slope Borough Utilities - Commercial - Lg', 614)]",
317,Kaktovik - Com,70.1230087280273,-143.609298706055,6,5,False,0.0,6.0,,6.0,,,,,,,,700637,"DEADHORSE, AK","[('North Slope Borough Utilities - Residential', 88), ('North Slope Borough Utilities - Commercial - Sm', 427), ('North Slope Borough Utilities - Commercial - Lg', 614)]",
318,Point Hope Com,68.3478851318359,-166.769882202148,6,5,False,0.0,7.98999977111816,,11.5699996948242,,,,,,0.0299999993294477,,701043,"POINT HOPE (AWOS), AK","[('North Slope Borough Utilities - Residential', 88), ('North Slope Borough Utilities - Commercial - Sm', 427), ('North Slope Borough Utilities - Commercial - Lg', 614)]",
319,Wainwright Com,70.644905090332,-160.017776489258,6,5,False,0.0,7.30000019073486,,14.6199998855591,,,,,,,,700260,"BARROW W POST-W ROGERS ARPT [NSA - ARM], AK","[('North Slope Borough Utilities - Residential', 88), ('North Slope Borough Utilities - Commercial - Sm', 427), ('North Slope Borough Utilities - Commercial - Lg', 614)]",
322,Faribanks - Chena Ridge,64.8036880493164,-148.009292602539,4,4,True,293.0,2.89000010490417,,3.99000000953674,350.0,250.0,,10.5,23.3999996185303,,,702610,"FAIRBANKS INTL ARPT, AK","[('Golden Valley Electric - Residential', 3), ('Golden Valley Electric - Com- Sm GS1', 380), ('Golden Valley Electric - Com- Lg GS2S', 567), ('Golden Valley Electric GS-2(P)', 683), ('Golden Valley Electric - GS-3', 684)]",2.08100008964539
